{
  "means": {
    "high_delta": -0.0035683079343465877,
    "um": -0.020766963106956124,
    "low_delta": 0.0017125352422293334,
    "dm": -0.021090728877515535,
    "pdm": -0.020821679460602607,
    "pdm_14_ema": -0.007659026911169452,
    "pdm_14": -0.007659026911169452,
    "atr_14": 6.45947941600091e-17,
    "pdi_14": -0.0006054252015038801,
    "pdi": -0.0006054252015038801,
    "mdm": -0.021096858164784998,
    "mdm_14_ema": -0.005503813003787173,
    "mdm_14": -0.005503813003787173,
    "mdi_14": -0.00046188547822753357,
    "mdi": -0.00046188547822753357,
    "dx_14": 1.2010594539126693e-16,
    "dx": 1.2010594539126693e-16,
    "adx": 9.689219124001366e-17,
    "adxr": 1.261617073437678e-16,
    "close_60_sma": 1.291895883200182e-16,
    "close_50_sma": 6.45947941600091e-17
  },
  "stds": {
    "high_delta": 0.9185175616708371,
    "um": 0.8241163061428656,
    "low_delta": 0.9261072415028576,
    "dm": 0.8267495234093204,
    "pdm": 0.8236074592723578,
    "pdm_14_ema": 0.9527244324020706,
    "pdm_14": 0.9527244324020706,
    "atr_14": 0.9999999976328706,
    "pdi_14": 0.9965726091403381,
    "pdi": 0.9965726091403381,
    "mdm": 0.8267239010524382,
    "mdm_14_ema": 0.9682303249296956,
    "mdm_14": 0.9682303249296956,
    "mdi_14": 0.9973672030814953,
    "mdi": 0.9973672030814953,
    "dx_14": 0.9999999995520279,
    "dx": 0.9999999995520279,
    "adx": 0.9999999994099374,
    "adxr": 0.9999999993331684,
    "close_60_sma": 0.9999999998716149,
    "close_50_sma": 0.9999999998722268
  }
}