{
  "means": {
    "close_50_sma": 8.612639221334548e-17,
    "rs_14": Infinity,
    "rsi_14": 4.0910036301339104e-16,
    "close_60_sma": -1.291895883200182e-16,
    "atr": 0.0
  },
  "stds": {
    "close_50_sma": 0.9999999997996787,
    "rs_14": NaN,
    "rsi_14": 0.9999999991960674,
    "close_60_sma": 0.9999999997988441,
    "atr": 0.9999999947020276
  }
}