{
  "means": {
    "high_delta": -0.0024864944259136547,
    "um": -0.014945288925198653,
    "low_delta": 0.0024196577788880473,
    "dm": -0.01911937390568008,
    "mdm": -0.01915270877709016,
    "mdm_14_ema": -0.0062587622233441385,
    "mdm_14": -0.0062587622233441385,
    "atr_14": 1.6148698540002277e-16,
    "mdi_14": -0.00013313844840233378,
    "pdm": -0.01498613648095004,
    "pdm_14_ema": -0.005211807968414626,
    "pdm_14": -0.005211807968414626,
    "pdi_14": -3.2885421536460964e-05,
    "dx_14": -1.6148698540002276e-17,
    "close_30_sma": 4.844609562000683e-17
  },
  "stds": {
    "high_delta": 0.9155528681497928,
    "um": 0.8180861781587163,
    "low_delta": 0.924227741139398,
    "dm": 0.8351470653393344,
    "mdm": 0.8348576507956734,
    "mdm_14_ema": 0.9600010451008296,
    "mdm_14": 0.9600010451008296,
    "atr_14": 0.9999999962547533,
    "mdi_14": 0.999302332461961,
    "pdm": 0.8177587106725384,
    "pdm_14_ema": 0.9593844024892397,
    "pdm_14": 0.9593844024892397,
    "pdi_14": 0.9998317266344136,
    "dx_14": 0.9999999995431711,
    "close_30_sma": 0.9999999999100263
  }
}