{
  "means": {
    "high_delta": -0.0009393226872042299,
    "um": -0.01108646283405985,
    "low_delta": 0.001870108763668076,
    "dm": -0.014738191431004856,
    "pdm": -0.011095772365510147,
    "pdm_14_ema": -0.0002628465347882848,
    "pdm_14": -0.0002628465347882848,
    "atr_14": 9.689219124001366e-17,
    "pdi_14": -0.0004252313521589441,
    "pdi": -0.0004252313521589441,
    "mdm": -0.01479461193832106,
    "mdm_14_ema": -0.0021224939229157447,
    "mdm_14": -0.0021224939229157447,
    "mdi_14": 1.6956133467002392e-16,
    "mdi": 1.6956133467002392e-16,
    "dx_14": -6.45947941600091e-17,
    "dx": -6.45947941600091e-17,
    "adx": 1.786449775987752e-16,
    "adxr": -3.512341932450495e-16,
    "close_50_sma": -1.291895883200182e-16,
    "close_60_sma": -3.229739708000455e-17,
    "cci_14": -8.074349270001138e-18
  },
  "stds": {
    "high_delta": 0.9793398334718353,
    "um": 0.9232306383115776,
    "low_delta": 0.9678372915128176,
    "dm": 0.8884826369401706,
    "pdm": 0.9231932677539804,
    "pdm_14_ema": 0.9985860764864397,
    "pdm_14": 0.9985860764864397,
    "atr_14": 0.9999999954350883,
    "pdi_14": 0.9976532820727027,
    "pdi": 0.9976532820727027,
    "mdm": 0.8880566769079812,
    "mdm_14_ema": 0.987493819503939,
    "mdm_14": 0.987493819503939,
    "mdi_14": 0.9999999990701742,
    "mdi": 0.9999999990701742,
    "dx_14": 0.999999999537791,
    "dx": 0.999999999537791,
    "adx": 0.9999999993841324,
    "adxr": 0.9999999993071931,
    "close_50_sma": 0.9999999998977366,
    "close_60_sma": 0.9999999998973782,
    "cci_14": 0.9999999999061085
  }
}