{
  "means": {
    "boll": 4.306319610667274e-17,
    "boll_ub": 2.583791766400364e-16,
    "boll_lb": 1.291895883200182e-16,
    "close_50_sma": 2.153159805333637e-16
  },
  "stds": {
    "boll": 0.9999999998927985,
    "boll_ub": 0.9999999998953707,
    "boll_lb": 0.999999999890612,
    "close_50_sma": 0.9999999998907556
  }
}