{
  "means": {
    "high_delta": -0.0006750034529941062,
    "um": -0.009812070981884378,
    "low_delta": 0.0016431841369686632,
    "dm": -0.012890010096491407,
    "mdm": -0.012908666213886023,
    "mdm_14_ema": -0.0018444383130903413,
    "mdm_14": -0.0018444383130903413,
    "atr_14": -8.612639221334548e-17,
    "mdi_14": 6.45947941600091e-17,
    "pdm": -0.009790113487816193,
    "pdm_14_ema": -0.00022328691704261288,
    "pdm_14": -0.00022328691704261288,
    "pdi_14": -1.3457248783335231e-17,
    "dx_14": 1.3457248783335231e-17,
    "close_50_sma": -8.612639221334548e-17,
    "cci_14": 1.6148698540002276e-17,
    "close_20_sma": 3.8756876496005463e-16
  },
  "stds": {
    "high_delta": 0.9863738242444361,
    "um": 0.9337856503991121,
    "low_delta": 0.9733470502858986,
    "dm": 0.9043747864981819,
    "mdm": 0.9042687403633536,
    "mdm_14_ema": 0.9891268032534357,
    "mdm_14": 0.9891268032534357,
    "atr_14": 0.9999999951935811,
    "mdi_14": 0.9999999990818518,
    "pdm": 0.9339761371217766,
    "pdm_14_ema": 0.998791235486138,
    "pdm_14": 0.998791235486138,
    "pdi_14": 0.9999999990684333,
    "dx_14": 0.9999999995338144,
    "close_50_sma": 0.9999999998923191,
    "cci_14": 0.9999999999059634,
    "close_20_sma": 0.999999999893525
  }
}