{
  "means": {
    "cci_30": 2.153159805333637e-17,
    "high_delta": -0.0006750034529941062,
    "um": -0.009812070981884378,
    "low_delta": 0.0016431841369686632,
    "dm": -0.012890010096491407,
    "pdm": -0.009790113487816193,
    "pdm_14_ema": -0.00022328691704261288,
    "pdm_14": -0.00022328691704261288,
    "atr_14": -8.612639221334548e-17,
    "pdi_14": -1.3457248783335231e-17,
    "pdi": -1.3457248783335231e-17,
    "mdm": -0.012908666213886023,
    "mdm_14_ema": -0.0018444383130903413,
    "mdm_14": -0.0018444383130903413,
    "mdi_14": 6.45947941600091e-17,
    "mdi": 6.45947941600091e-17,
    "dx_14": 1.3457248783335231e-17,
    "dx": 1.3457248783335231e-17,
    "adx": 1.8840148296669324e-17,
    "adxr": -1.345724878333523e-16,
    "rs_14": Infinity,
    "rsi_14": 5.598215493867456e-16
  },
  "stds": {
    "cci_30": 0.9999999999076263,
    "high_delta": 0.9863738242444361,
    "um": 0.9337856503991121,
    "low_delta": 0.9733470502858986,
    "dm": 0.9043747864981819,
    "pdm": 0.9339761371217766,
    "pdm_14_ema": 0.998791235486138,
    "pdm_14": 0.998791235486138,
    "atr_14": 0.9999999951935811,
    "pdi_14": 0.9999999990684333,
    "pdi": 0.9999999990684333,
    "mdm": 0.9042687403633536,
    "mdm_14_ema": 0.9891268032534357,
    "mdm_14": 0.9891268032534357,
    "mdi_14": 0.9999999990818518,
    "mdi": 0.9999999990818518,
    "dx_14": 0.9999999995338144,
    "dx": 0.9999999995338144,
    "adx": 0.9999999993781731,
    "adxr": 0.9999999993017298,
    "rs_14": NaN,
    "rsi_14": 0.999999999172419
  }
}