{
  "means": {
    "high_delta": 0.00048097650521180234,
    "um": -0.015298738097280705,
    "low_delta": 0.003968512219423036,
    "dm": -0.0155917905437361,
    "mdm": -0.015581866727834136,
    "mdm_14_ema": -0.009304481900880528,
    "mdm_14": -0.009304481900880528,
    "atr_14": 4.306319610667274e-17,
    "mdi_14": -0.00017309524286566314,
    "pdm": -0.015251067434299945,
    "pdm_14_ema": -0.00660780081365646,
    "pdm_14": -0.00660780081365646,
    "pdi_14": -0.0006983732626273737,
    "dx_14": -8.074349270001138e-18,
    "boll": -1.291895883200182e-16,
    "boll_ub": 1.291895883200182e-16,
    "boll_lb": 4.306319610667274e-17,
    "mdm_30_ema": -0.005313403343386326,
    "mdm_30": -0.005313403343386326,
    "atr_30": 0.0,
    "mdi_30": 1.2380668880668413e-16,
    "pdm_30_ema": -0.0027495068095436353,
    "pdm_30": -0.0027495068095436353,
    "pdi_30": -0.0008828753832252443,
    "dx_30": 3.902602147167217e-17,
    "close_20_sma": -1.291895883200182e-16
  },
  "stds": {
    "high_delta": 0.8856521056257495,
    "um": 0.826077408447828,
    "low_delta": 0.9138849401378144,
    "dm": 0.8186902160372541,
    "mdm": 0.8189909307526093,
    "mdm_14_ema": 0.9342343232993761,
    "mdm_14": 0.9342343232993761,
    "atr_14": 0.9999999967208013,
    "mdi_14": 0.99907756829281,
    "pdm": 0.8268974298784323,
    "pdm_14_ema": 0.9540791063644181,
    "pdm_14": 0.9540791063644181,
    "pdi_14": 0.9959691174581576,
    "dx_14": 0.9999999995368881,
    "boll": 0.9999999999088187,
    "boll_ub": 0.9999999999136364,
    "boll_lb": 0.999999999904023,
    "mdm_30_ema": 0.9682122642112986,
    "mdm_30": 0.9682122642112986,
    "atr_30": 0.9999999965485864,
    "mdi_30": 0.9999999987653122,
    "pdm_30_ema": 0.984061294891904,
    "pdm_30": 0.984061294891904,
    "pdi_30": 0.9951988989197817,
    "dx_30": 0.9999999994138297,
    "close_20_sma": 0.9999999999088187
  }
}