{
  "means": {
    "boll": 1.291895883200182e-16,
    "boll_ub": 0.0,
    "boll_lb": 8.612639221334548e-17,
    "high_delta": -0.0015717846416508903,
    "um": -0.01438038328834742,
    "low_delta": 0.0007023219665691988,
    "dm": -0.01410663394837105,
    "mdm": -0.014148607168858112,
    "mdm_14_ema": -0.0012043426064144483,
    "mdm_14": -0.0012043426064144483,
    "atr_14": 0.0,
    "mdi_14": 3.552713678800501e-16,
    "pdm": -0.014412009038058421,
    "pdm_14_ema": -0.003787797408555801,
    "pdm_14": -0.003787797408555801,
    "pdi_14": -0.00037277627448890893,
    "dx_14": 7.53605931866773e-17,
    "mdm_30_ema": -4.558821882069837e-05,
    "mdm_30": -4.558821882069837e-05,
    "atr_30": 8.612639221334548e-17,
    "mdi_30": -4.306319610667274e-17,
    "pdm_30_ema": -0.001964653134928688,
    "pdm_30": -0.001964653134928688,
    "pdi_30": -0.0001819355103302825,
    "dx_30": -1.0900371514501537e-16
  },
  "stds": {
    "boll": 0.99999999980206,
    "boll_ub": 0.99999999981674,
    "boll_lb": 0.9999999997861743,
    "high_delta": 0.9623976951850078,
    "um": 0.8940697068954464,
    "low_delta": 0.9747904674788573,
    "dm": 0.9022149120529007,
    "mdm": 0.9019095327432759,
    "mdm_14_ema": 0.9933736601345375,
    "mdm_14": 0.9933736601345375,
    "atr_14": 0.9999999947020276,
    "mdi_14": 0.9999999990243212,
    "pdm": 0.893856194505744,
    "pdm_14_ema": 0.976653013407778,
    "pdm_14": 0.976653013407778,
    "pdi_14": 0.9980073631985634,
    "dx_14": 0.9999999995398174,
    "mdm_30_ema": 0.9997664795776419,
    "mdm_30": 0.9997664795776419,
    "atr_30": 0.9999999945335072,
    "mdi_30": 0.9999999986371519,
    "pdm_30_ema": 0.9888140707739378,
    "pdm_30": 0.9888140707739378,
    "pdi_30": 0.9990593892694623,
    "dx_30": 0.9999999994205669
  }
}