{
  "means": {
    "close_50_sma": 9.689219124001366e-17,
    "high_delta": -0.0024864944259136547,
    "um": -0.014945288925198653,
    "low_delta": 0.0024196577788880473,
    "dm": -0.01911937390568008,
    "mdm": -0.01915270877709016,
    "mdm_30_ema": -0.0013364387168793743,
    "mdm_30": -0.0013364387168793743,
    "atr_30": 4.844609562000683e-17,
    "mdi_30": -0.00039481422313254267,
    "pdm": -0.01498613648095004,
    "pdm_30_ema": -0.0029477894984145277,
    "pdm_30": -0.0029477894984145277,
    "pdi_30": -3.627096330273038e-07,
    "dx_30": 8.881784197001253e-17,
    "cci_14": 4.037174635000569e-18
  },
  "stds": {
    "close_50_sma": 0.9999999999088767,
    "high_delta": 0.9155528681497928,
    "um": 0.8180861781587163,
    "low_delta": 0.924227741139398,
    "dm": 0.8351470653393344,
    "mdm": 0.8348576507956734,
    "mdm_30_ema": 0.9925904701114298,
    "mdm_30": 0.9925904701114298,
    "atr_30": 0.999999996134346,
    "mdi_30": 0.9979212114154765,
    "pdm": 0.8177587106725384,
    "pdm_30_ema": 0.9817735181502896,
    "pdm_30": 0.9817735181502896,
    "pdi_30": 0.99999818437252,
    "dx_30": 0.9999999994103194,
    "cci_14": 0.9999999999083644
  }
}