{
  "means": {
    "high_delta": -0.0038119488508036046,
    "um": -0.019936183189482377,
    "low_delta": 0.001906667627337318,
    "dm": -0.020786293687718782,
    "mdm": -0.02078624816065362,
    "mdm_30_ema": -0.0003651174906968804,
    "mdm_30": -0.0003651174906968804,
    "atr_30": -4.306319610667274e-17,
    "mdi_30": -4.306319610667274e-17,
    "pdm": -0.019979696225940376,
    "pdm_30_ema": -0.001562763308169353,
    "pdm_30": -0.001562763308169353,
    "pdi_30": -0.0009279819019483038,
    "dx_30": -1.5610408588668867e-16,
    "close_20_sma": 4.306319610667274e-17,
    "close_30_sma": -8.612639221334548e-17,
    "rs_14": Infinity,
    "rsi_14": -3.6603716690671827e-16
  },
  "stds": {
    "high_delta": 0.9319273252009463,
    "um": 0.8380270511689968,
    "low_delta": 0.9443537434549658,
    "dm": 0.8379229364330358,
    "mdm": 0.8379515512056193,
    "mdm_30_ema": 0.9980941560888299,
    "mdm_30": 0.9980941560888299,
    "atr_30": 0.9999999977497442,
    "mdi_30": 0.9999999987683634,
    "pdm": 0.8376518434156693,
    "pdm_30_ema": 0.9914386768994146,
    "pdm_30": 0.9914386768994146,
    "pdi_30": 0.994310336386368,
    "dx_30": 0.9999999994439777,
    "close_20_sma": 0.9999999998913246,
    "close_30_sma": 0.9999999998905699,
    "rs_14": NaN,
    "rsi_14": 0.999999999252308
  }
}